,bigram,bigram_runtime,absolute_emd,absolute_emd_runtime,absolute_wass,absolute_wass_runtime,case_arrival_emd,case_arrival_emd_runtime,case_arrival_wass,case_arrival_wass_runtime,circadian_emd,circadian_emd_runtime,circadian_wass,circadian_wass_runtime,relative_emd,relative_emd_runtime,relative_wass,relative_wass_runtime,cycle_time_wass,cycle_time_wass_runtime
mean,0.08149916934134437,459.5951737165451,48.133181547337664,8.019049024581909,61.75563372353796,7.379600214958191,61.67622637893364,66.25716121196747,61.676226378933656,64.82769553661346,18.170578399062872,0.46002044677734377,4.7229935294161525,0.43014471530914306,0.09847759599126658,150.19592170715333,0.0019579509084812,148.37910149097442,8.178144811989593,151.6142132282257
conf,0.00037329636396410187,14.349670939444103,0.10820944772529058,0.6878470655404172,0.0772385440431886,0.531529693598813,1.8506999584030424e-06,3.393566306581578,1.8506999604112614e-06,2.6597514156677704,0.038193091723819635,0.017812039245212904,0.0035288251409415616,0.026757823787747846,0.0006214373223452678,6.936122889789877,0.00013325455488185647,6.865869053740187,0.08355088613465779,6.769830055681794
