,bigram,bigram_runtime,absolute_emd,absolute_emd_runtime,absolute_wass,absolute_wass_runtime,case_arrival_emd,case_arrival_emd_runtime,case_arrival_wass,case_arrival_wass_runtime,circadian_emd,circadian_emd_runtime,circadian_wass,circadian_wass_runtime,relative_emd,relative_emd_runtime,relative_wass,relative_wass_runtime,cycle_time_wass,cycle_time_wass_runtime
mean,0.03822241662210406,460.4857127189636,1.6726947914170185,7.023701500892639,3.5366420558221696,7.0367432832717896,3.6218617041665078,63.10804214477539,3.621861704166507,63.12543239593506,0.7007338036657043,0.4515277624130249,1.0236002428061035,0.40096981525421144,0.02552885069930757,141.13967089653016,0.00026313635859548,140.3028510093689,11.875602744451685,145.8689772605896
conf,0.00040234761329441943,3.7014410882672926,0.12264982484442778,0.6077818575016102,0.20223137977429095,0.2978226197620671,0.21611625730155043,0.9574522608737821,0.21611625730155018,0.8295814550474306,0.01547424541916245,0.008696791926152213,0.02547472743844742,0.007392136007916411,0.0008359015164874651,1.1141696040237115,3.949716132532183e-05,1.0380874567458378,0.03452389968284035,1.2977781174503646
