,bigram,bigram_runtime,cfld,cfld_runtime,absolute_emd,absolute_emd_runtime,absolute_wass,absolute_wass_runtime,case_arrival_emd,case_arrival_emd_runtime,case_arrival_wass,case_arrival_wass_runtime,circadian_emd,circadian_emd_runtime,circadian_wass,circadian_wass_runtime,relative_emd,relative_emd_runtime,relative_wass,relative_wass_runtime,cycle_time_wass,cycle_time_wass_runtime
mean,0.5578345568582881,4.38813886642456,0.5530190964961009,29.802979707717896,61.56535168031021,33.15728590488434,313.2965157802521,0.12700798511505124,336.4175739247313,12.991228699684143,336.4175739247312,0.6958634376525878,20.552815032253186,0.3215380430221558,2.097390134448877,0.18548908233642575,3.9852595863851774,15.812309741973877,96.82156226940603,1.6011202573776244,93.44737903225808,1.4191436052322388
conf,0.001899327795240905,0.08768425672055839,0.002097663520890512,0.5463498627980573,10.801859188412177,2.508980317776324,41.50008111613223,0.014796166290750881,42.98285558082362,0.8290361013973958,42.98285558082363,0.030105725508641427,0.8247862424752379,0.015571501822957405,0.07395276667904775,0.008266458384013946,0.9502625565665832,1.6388217693666327,1.610742072782398,0.039953743849303794,0.7110487521830595,0.01908481516935473
