,bigram,bigram_runtime,cfld,cfld_runtime,absolute_emd,absolute_emd_runtime,absolute_wass,absolute_wass_runtime,case_arrival_emd,case_arrival_emd_runtime,case_arrival_wass,case_arrival_wass_runtime,circadian_emd,circadian_emd_runtime,circadian_wass,circadian_wass_runtime,relative_emd,relative_emd_runtime,relative_wass,relative_wass_runtime,cycle_time_wass,cycle_time_wass_runtime
mean,0.13325343302712642,4.395509719848633,0.15556831840905774,28.331851863861083,29.219808272296426,45.499723649024965,79.1925725590007,0.15289659500122066,153.25208333333327,7.810150933265686,153.25208333333336,0.6851372957229614,28.522776395287604,0.39214837551116943,2.3440945299039417,0.23694486618041988,45.911767557087465,8.619606590270996,150.83305953586185,1.6691465616226195,124.21165994623657,1.4096884250640869
conf,0.005177393289644203,0.07292490036530012,0.004408487318029945,0.45146939196448715,8.333970762099177,2.195750198315347,16.11591882336655,0.007839461067354841,24.758231174531296,0.43558248305111824,24.758231174531275,0.020176021749327575,1.2439906984646032,0.015809758690539806,0.03460062197612378,0.0164175191743909,2.0873751583373124,0.3214005784372511,0.5655226381997054,0.02988535521295466,0.33380812446947994,0.01751797004121451
