,bigram,bigram_runtime,cfld,cfld_runtime,absolute_emd,absolute_emd_runtime,absolute_wass,absolute_wass_runtime,case_arrival_emd,case_arrival_emd_runtime,case_arrival_wass,case_arrival_wass_runtime,circadian_emd,circadian_emd_runtime,circadian_wass,circadian_wass_runtime,relative_emd,relative_emd_runtime,relative_wass,relative_wass_runtime,cycle_time_wass,cycle_time_wass_runtime
mean,0.37246713993642433,14.027262258529664,0.3428743464832077,157.5376805782318,192.18074793308978,74.1059862613678,314.92399878098905,0.49552996158599855,390.0436144251627,36.33389868736267,390.0436144251627,1.7175693273544312,10.721858898235158,0.19803884029388424,1.6513628158084912,0.05971982479095454,62.79967410113441,22.0391485452652,132.3141057177108,4.772909688949585,102.8493085683297,4.144012093544006
conf,0.0023214510974020317,0.5102755243068646,0.000767505200580322,5.096973801502775,33.03303489235003,3.2000208379373754,43.01571713198957,0.078033685537024,43.38892039792596,1.392440068418708,43.38892039792595,0.07171811913369625,0.5027147902309367,0.006124585563882179,0.029729933648742515,0.003454092211962352,2.162290597873189,1.0231424686782937,1.6765388971000212,0.17272270060675993,0.8352505410781195,0.09064928356847164
