,bigram,bigram_runtime,cfld,cfld_runtime,absolute_emd,absolute_emd_runtime,absolute_wass,absolute_wass_runtime,case_arrival_emd,case_arrival_emd_runtime,case_arrival_wass,case_arrival_wass_runtime,circadian_emd,circadian_emd_runtime,circadian_wass,circadian_wass_runtime,relative_emd,relative_emd_runtime,relative_wass,relative_wass_runtime,cycle_time_wass,cycle_time_wass_runtime
mean,0.3930382035491449,13.639844679832459,0.37305306205497385,203.58031079769134,1951.199779681992,218.87617247104646,2530.4176343687977,0.47151660919189453,2589.408767900567,88.58835604190827,2601.700078117628,1.6400540828704835,2.5904272624782196,0.20319988727569577,1.418270560269466,0.0597612619400024,63.2405891397285,21.57136998176575,143.05801434718575,4.8432159423828125,109.90850617995606,4.211985492706299
conf,0.0020074845778843622,0.20916236918703882,0.0007239830651687072,28.45712870860961,33.45665558832667,7.927882777087707,43.05297159065019,0.049260480868443736,43.249496728226646,3.2037845377620617,43.401948858776244,0.03667174044902301,0.09540476456120241,0.010011260916315845,0.03316125335840578,0.0034364977865525385,2.120988725352159,1.2601760363225807,1.6997351661452245,0.1395186929064341,0.7722011434012566,0.14218643682213253
