,bigram,bigram_runtime,cfld,cfld_runtime,absolute_emd,absolute_emd_runtime,absolute_wass,absolute_wass_runtime,case_arrival_emd,case_arrival_emd_runtime,case_arrival_wass,case_arrival_wass_runtime,circadian_emd,circadian_emd_runtime,circadian_wass,circadian_wass_runtime,relative_emd,relative_emd_runtime,relative_wass,relative_wass_runtime,cycle_time_wass,cycle_time_wass_runtime
mean,0.0635601529452842,13.351243615150452,0.15422476035281588,176.50137827396392,51.211608344549134,92.65224695205688,65.61946982922086,0.5457604885101318,120.92579989154012,21.434934544563294,121.48969728233074,1.6778164148330688,9.87521714408606,0.20680580139160157,1.6496212594751718,0.062139415740966764,149.6150153816574,13.927450942993165,150.28267724929108,4.8313565969467165,112.89839607251822,4.053103899955749
conf,0.0017676774630764477,0.13367021418499572,0.0014706253684627583,13.862885063124505,11.876050323523648,2.5655666953959044,12.542635006534967,0.0674036109146848,23.55763634075597,0.35996478599281145,23.567017442857626,0.042166302155207266,0.42121618352867424,0.007668925979104444,0.023954558865233004,0.0031240056807179777,0.4156276025997038,0.2199544092833016,0.27886491307612127,0.07781694225147219,0.1596782467485837,0.04895721894769755
