,bigram,bigram_runtime,cfld,cfld_runtime,absolute_emd,absolute_emd_runtime,absolute_wass,absolute_wass_runtime,case_arrival_emd,case_arrival_emd_runtime,case_arrival_wass,case_arrival_wass_runtime,circadian_emd,circadian_emd_runtime,circadian_wass,circadian_wass_runtime,relative_emd,relative_emd_runtime,relative_wass,relative_wass_runtime,cycle_time_wass,cycle_time_wass_runtime
mean,0.14235735832468718,0.9687063694000244,0.17738319922679213,7.126527094841004,299.0832494407159,25.22806284427643,316.4376109824242,0.021313762664794872,327.85276381909546,4.779426097869873,327.85276381909546,0.12873344421386715,1.6324507185655992,0.23138277530670165,2.5015251135502465,0.014316177368164021,69.36549217002238,1.3133582830429078,74.91938416728959,0.3092155456542969,99.87889447236181,0.26885361671447755
conf,0.0067224469786915835,0.1255451876074146,0.0060633968805305395,0.7384556058165435,106.66286564016337,2.562411908457748,115.63007942849563,0.0018048447112452193,118.33317520797894,0.5645108642674703,118.33317520797894,0.027388239380040248,0.1864643377308167,0.02409677416629473,0.2683882008243705,0.0018538759929774132,5.283505600169619,0.149032311092561,0.18257764786214523,0.028303159171375533,0.30119293735017716,0.027265507230961095
