,bigram,bigram_runtime,cfld,cfld_runtime,absolute_emd,absolute_emd_runtime,absolute_wass,absolute_wass_runtime,case_arrival_emd,case_arrival_emd_runtime,case_arrival_wass,case_arrival_wass_runtime,circadian_emd,circadian_emd_runtime,circadian_wass,circadian_wass_runtime,relative_emd,relative_emd_runtime,relative_wass,relative_wass_runtime,cycle_time_wass,cycle_time_wass_runtime
mean,0.23584490516684423,0.40852062702178954,0.21441699841197326,3.8736270666122437,91.71532438478746,14.887586784362792,117.31526985039768,0.01237075328826898,110.38040201005023,3.278999757766724,110.38040201005023,0.06872103214263912,2.218455743986408,0.19548373222351073,3.1124011174546076,0.020925307273864702,9.957130872483221,1.7878584146499634,48.19424617822847,0.14730858802795405,62.23065326633166,0.13520209789276122
conf,0.005605917912260109,0.0737755293987659,0.00386986054709404,0.23628143211154634,16.662423370269448,0.9717510306840188,18.853316965485178,0.0025970638965006733,16.93852073190236,0.3023631605551294,16.938520731902365,0.006941149698729422,0.09432600637284039,0.010578455020951215,0.1778149545157666,0.002580782606122646,6.455466332174991,0.07859090952657347,1.7219752746869883,0.018554515578914018,1.6469845545215864,0.013209916374354546
